{"x": [0.6431, 0.57881, 0.51452, 0.45023, 0.38594999999999996, 0.32168, 0.25740999999999997, 0.19315, 0.1289, 0.06465, 0.00042, -0.0638, -0.128, -0.19218, -0.25634999999999997, -0.3205, -0.3846, -0.44865, -0.5126499999999999, -0.5766, -0.6405000000000001], "y": [2.8305801517562953e-19, 4.071662904310771e-20, 5.8568985794872326e-21, 8.424814248245441e-22, 1.212163973609488e-22, 1.74396195804097e-23, 2.502828177459306e-24, 3.532333979903506e-25, 4.475281039486902e-26, 3.4938795136944974e-27, 3.9331558172805276e-30, -4.0189526195079407e-28, -1.2691780986063557e-27, -3.926388358930658e-27, -1.2120533533508046e-26, -3.73916811735618e-26, -1.1524686083791627e-25, -3.5489375254032234e-25, -1.0918780596265593e-24, -3.355264683241931e-24, -1.0261202093397986e-23]}