{"x": [0.6431, 0.57881, 0.51452, 0.45023, 0.38594999999999996, 0.32168, 0.25740999999999997, 0.19315, 0.1289, 0.06465, 0.00042, -0.0638, -0.128, -0.19218, -0.25634999999999997, -0.3205, -0.3846, -0.44865, -0.5126499999999999, -0.5766, -0.6405000000000001], "slope": [73.72580620546728, 73.72579751832713, 73.72573766374792, 73.7253852118441, 73.72331041696543, 73.71110326106512, 73.63951155818488, 73.22612663418892, 70.94911627572061, 36.507565670003665, 365.5432163860233, -45.4062435811248, -113.5492157751886, -119.64858752930503, -120.78448988004185, -120.98253538915736, -121.0164192913612, -121.02219841411335, -121.02318481333697, -121.02335638331458, -121.0233838672], "slope_abs": [73.72580620546728, 73.72579751832713, 73.72573766374792, 73.7253852118441, 73.72331041696543, 73.71110326106512, 73.63951155818488, 73.22612663418892, 70.94911627572061, 36.507565670003665, 365.5432163860233, 45.4062435811248, 113.5492157751886, 119.64858752930503, 120.78448988004185, 120.98253538915736, 121.0164192913612, 121.02219841411335, 121.02318481333697, 121.02335638331458, 121.0233838672]}