{"x": [0.6431, 0.57881, 0.51452, 0.45023, 0.38594999999999996, 0.32168, 0.25740999999999997, 0.19315, 0.1289, 0.06465, 0.00042, -0.0638, -0.128, -0.19218, -0.25634999999999997, -0.3205, -0.3846, -0.44865, -0.5126499999999999, -0.5766, -0.6405000000000001], "y": [0.9999999832003338, 0.9999998994160317, 0.9999993977778922, 0.9999963943502495, 0.9999784184325644, 0.9998708713436486, 0.9992278003811988, 0.9953982036842862, 0.9730951594599356, 0.8581069566065983, 0.5029228316071861, 0.14479851108753258, 0.027568588225695544, 0.0047271500996046815, 0.0007953060464337946, 0.00013344009014494318, 2.240836522776738e-05, 3.7720653261845317e-06, 6.862206027192472e-07, 7.313113097934702e-07, 7.525762334693336e-06]}